ID,Severity,Area,Issue,Evidence,Impact,Root Cause,Fix,Verification,Status
GF-001,P0,Authentication,Custom staff email 2FA is bypassable through direct Supabase password auth,lib/auth/actions.ts; lib/auth/two-factor.ts; private.has_gym_role/is_gym_staff/is_platform_admin,A compromised privileged password gives tenant/platform data access without the promised second factor,UI challenge does not raise JWT assurance; RLS checks UID/role only,"Mandatory staff email/trusted-device verification bound to the exact live GoTrue session; all privileged DB helpers, RLS and server guards require unexpired proof; password-only member scope preserved","65 security tests include direct password-only, wrong/expired session, role removal, OTP concurrency and catalog predicates",Fixed in code; regression verified; production deployment pending
GF-002,P0,Payments,Payment and entitlement committed separately; retry treats ledger row as fulfillment,lib/paystack-fulfill.ts and lib/member-sub-fulfill.ts at baseline,Crash after payment insert leaves paid member uncredited indefinitely,"Unique reference protects duplicate ledger insertion, not atomic access fulfillment",Server-only settle_member_charge RPC commits payment and term together; explicit legacy reconciliation,"Real DB rollback injection, duplicate two-connection settlement, distinct concurrent payments; test/atomic-member-charge.test.ts",Fixed in code; regression verified; production deployment pending
GF-003,P0,Payments,Provider metadata could substitute for server-authorized price; currency absent from fulfillment,lib/paystack-fulfill.ts; init/verify/webhook call sites,Underpayment or wrong-currency event can be treated as NGN full-plan purchase,Expected amount was echoed metadata; current-price drift only logged,Server-owned checkout reference/price/term; strict currency/ownership checks; unreserved legacy price mismatch requires reconciliation,Real DB underpayment/currency/member negative tests; reserved price-edit test,Fixed in code; regression verified; production deployment pending
GF-004,P0,Payments,Ledger rejects auto_debit and some offered Paystack channels,baseline payments_payment_method_check; lib/member-sub-fulfill.ts; lib/paystack-fulfill.ts,Successful card recurrence or USSD/bank payment cannot be recorded or credited,App/provider channel vocabulary differs from DB CHECK,Forward constraint supports recurring and documented provider channels,First recurring handler tests plus 10 channel settlement cases pass against real schema,Fixed in code; regression verified; production deployment pending
GF-005,P0,Auto-renew,First recurring charge cannot resolve never-subscribed member,lib/actions/member-billing.ts; findSub/onRecurringCharge,New member charged without a local subscription or access,Initialization makes no local row; fulfillment requires one,Reserve initial checkout; atomically create/credit first row; bind mandate after settlement; retry early subscription.create,"test/member-recurring-fulfillment.test.ts covers first charge, early create, bind-write failure and replay",Fixed in code; regression verified; production deployment pending
GF-006,P1,Auto-renew,Auto-renew callback routed into one-off-only handler,member renew callback and native/WhatsApp callbacks,A paid auto-renew checkout reports not applied; no callback backstop if webhook absent,Shared redirect URL; handler accepts only membership_renewal,Dispatch verified callbacks by charge kind; keep sanitized provider plan/customer fields,Type-check/build; recurring handler DB tests; live provider callback shape still needs sandbox test,Fixed in code; regression verified; production deployment pending
GF-007,P0,Access,Future-start membership could enter before purchased window,lib/checkin-core.ts; WhatsApp check-in/membership; old DB validators,Access granted before start_date,Entitlement checked status/end_date but omitted start_date,Enforce start <= WAT today <= end at every entry writer and DB trigger,"33 DB entry-window cases including member/staff/service, future code and concurrent entry",Fixed in code; regression verified; production deployment pending
GF-008,P1,Membership UI,Final paid day shown expired while DB allows entry,lib/format.ts daysLeft; web/native status; mandate-end handler,Legitimate member sees expired and may pay twice or be challenged at reception,Date-only values treated as midnight instants,Inclusive WAT date calculation; keep paid final date on mandate end,format-wat date boundaries/invalid input tests; coordinated display tests,Fixed in code; regression verified; production deployment pending
GF-009,P1,Membership arithmetic,New/lapsed grants use server day instead of WAT day around midnight,lib/member-sub-core.ts; lib/plan-duration.ts; extend_member_sub,Coverage preview and persisted date can lose a calendar day,UTC/current_date arithmetic differs from gym calendar,WAT calendar base; timezone-independent UTC setters for date arithmetic,WAT boundary and SQL/JS period/concurrency tests,Fixed in code; regression verified; production deployment pending
GF-010,P1,Membership UI,"Future, cancelled or frozen subscriptions could appear Active",member dashboard/wallet/renew; native APIs/screens,Display promises entry that backend should reject,Positive days remaining used without status/start window,Shared membershipDisplayState; Scheduled/Starts copy; freeze priority,"5 pure state tests, root/mobile TypeScript and targeted ESLint",Fixed in code; regression verified; production deployment pending
GF-011,P2,Renewals,Live-row lookup relies on an avoidable failed INSERT for frozen/past-due rows,lib/member-sub-core.ts; old payment paths,Extra failed write/RPC and brittle recovery path; baseline fallback already preserved paid time,"Initial lookup selected active only, then relied on 23505 plus a broader live-row retry",Select canonical live statuses immediately; preserve freeze semantics in atomic settlement,Baseline recovery reviewed; existing live-row/freeze tests pass; treated as hardening rather than a new denial exploit,Fixed in code; regression verified; production deployment pending
GF-012,P0,Auto-renew/access,Failed debit could replace paused status with past_due and reopen access,onPaymentFailed/onSubscriptionEnd in lib/member-sub-fulfill.ts,Freeze/cancellation can be undone by a provider lifecycle event,Unconditional status write overwrote explicit staff/member state,Dunning only changes active/past_due; mandate end preserves freeze/cancellation and conditions status on current row,3 real handler cases exercise paused/pause_requested/cancelled under failure and disable,Fixed in code; regression verified; production deployment pending
GF-013,P1,Check-out,Open-visit reads excluded earlier calendar days,lib/checkin-core.ts; admin member actions; WhatsApp,Overnight visit cannot close and unique-open index blocks next entry,Open visit lookup incorrectly restricted to today,Read any unclosed active visit; allow expired visitor to close existing visit,Real DB overnight checkout/code test; shared readers inspected,Fixed in code; regression verified; production deployment pending
GF-014,P1,Check-in UX,Concurrent valid check-in insert reported raw duplicate error,"member self, manual staff and WhatsApp check-in",Valid member told failure despite an already-open visit,Read-then-insert raced with another writer,All check-in writers recover duplicate open visits; front-desk code redemption also re-reads the existing visit,Real DB concurrent visit tests and guarded code-redeem recovery reviewed,Fixed in code; regression verified; production deployment pending
GF-015,P0,Cash/manual payments,Cash ledger and membership extension remain separate operations,lib/actions/admin-member.ts recordPayment,Crash creates paid ledger without access; compensating deletion can fail and contradict error copy,Application-level insert then extend then delete,"Atomic record_staff_payment commits ledger, allocation, term and immutable actor/receipt/reason audit together; no unaudited free initial paid term","16 staff-payment tests include transaction rollback, parallel writes, amount and tenant denial, and raw insert/term bypass rejection",Fixed in code; regression verified; production deployment pending
GF-016,P1,Cash/manual payments,Each staff payment retry mints a new MANUAL reference,recordPayment; renewMembership,Double-click/retry can record same receipt twice or extend twice; renewMembership sends receipt without ledger row,No stable operation key or receipt-to-grant allocation,Stable form operation UUID and gym-scoped receipt uniqueness; ambiguous retries reuse the same identity; renewal records the actual receipt and payment,Concurrent same-operation and same-receipt cases credit once; distinct genuine cash/provider purchases stack under a shared member lock,Fixed in code; regression verified; production deployment pending
GF-017,P1,Refunds,Refund/lost-dispute changes money row but deliberately retains access,lib/paystack-refund.ts; test/paystack-refund.test.ts,Refunded coverage remains active unless operator acts; current policy not encoded,No allocated purchase-period ledger or explicit partial-refund access decision,"Durable refund evidence; partial refund retains access and records the amount; full refund removes only unused allocated rights, preserves later purchases and immutable originals; legacy unallocated money requires review","Real DB member/platform refunds, repeat evidence, partial disputes, refund-before-charge, paused full refunds and out-of-order coverage cases",Fixed in code; regression verified; production deployment pending
GF-018,P1,Plan semantics,Initial duration and month-end policy do not define exact purchased calendar days,private.period_end; extendDate; inclusive DB end-date rule,A one-day initial plan can cover today and tomorrow; Jan 31 plus month overflows into March,Inclusive boundary combined with +N initial end date; JS overflow copied to SQL,"New coverage starts on the WAT purchase/stack date; inclusive end is anniversary minus one day, with calendar-month clamping; existing paid end dates are preserved","JS/SQL one-day, month-end, leap-year, stacked and cross-timezone tests; exact renewal preview",Fixed in code; regression verified; production deployment pending
GF-019,P1,Auto-renew/plan edits,Plan edits could change paid term or reject an already-open provider checkout,savePlan; member checkout/recurring handlers,Paid member receives edited term; stale provider interval used for new opt-in,Mutable local term and cached provider codes used after sale,Snapshot provider plan code/price/term at checkout; later cycles use provider interval; invalidate both codes on cadence edit,Real handler initial edit and later weekly-cycle cases; existing plan-code locks updated,Fixed in code; regression verified; production deployment pending
GF-020,P1,Auto-renew concurrency,Two simultaneous opt-ins can create two live provider mandates,startAutoRenewal live-mandate precheck; ensurePlanCode,Both checkouts can charge; conflicting mandate is later refused while provider keeps billing,Precheck has no durable unique pending-mandate reservation,One durable member/gym auto-renewal intent; reuse the same checkout and price snapshot; ambiguous provider initialization remains pending until resolved; new mandate only after confirmed cancellation,Real DB concurrent reservation and lifecycle tests plus mocked concurrent action and provider-cancellation failure cases,Fixed in code; regression verified; production deployment pending
GF-021,P1,WhatsApp identity,Password sign-in with public gym code could auto-enrol another tenant,lib/whatsapp/auth.ts signinWithPassword,Unrequested gym links and inflated tenant membership; member access outside existing link,Signin called provisionMember using public code,Signin requires existing active link; explicit verified signup remains enrollment route,Static data-flow/regression assertion; live Flow exploit not attempted,Fixed in code; regression verified; production deployment pending
GF-022,P2,OTP,Custom OTP attempts/consumption are not atomic,lib/auth/two-factor.ts; lib/whatsapp/auth.ts,Concurrent guesses undercount attempts; successful code consumption can race,Read-increment-write and unconditional consume,Row-locked one-use staff email and WhatsApp OTP verification with atomic attempt caps; incomplete identity is rejected,Concurrent consumption/guess and exact-session security tests pass,Fixed in code; regression verified; production deployment pending
GF-023,P1,Storage/RLS,gym-assets staff write policies are not reproducible from migrations,gym-assets migrations; instructor avatar upload; DR_RUNBOOK,Restored project may fail uploads; live cross-tenant object permission remains unknown,Dashboard policy assumptions only in comments/docs,"Canonical tenant UUID path Storage policies checked into migrations; verified owner/manager mutations, coach own-avatar boundary, private backup reads",7 Storage policy tests; live catalog and bucket flags are required in the production release audit,Fixed in code; regression verified; production deployment pending
GF-024,P2,Uploads,Storage bucket accepts SVG while upload actions reject it,20260620_restrict_gym_assets_bucket.sql,Authorized raw Storage caller can store active SVG on public storage origin,Bucket MIME allowlist broader than server raster allowlist,Forward MIME migration removes SVG and preserves allowed raster formats,Migration regression test; live raw upload rejection still required,Fixed in code; regression verified; production deployment pending
GF-025,P0,Web dependencies,Locked web runtime had critical Next/image optimization advisories,root pnpm/npm lockfiles; next.config.ts AVIF; production audit,Relevant unauthenticated image-processing attack surface on deployed vulnerable graph,Old vulnerable runtime/sharp graph,Next/eslint config 16.3.8; Sharp 0.35.5; patched transitive overrides,"Frozen install, build/lint/TypeScript and root production audit 0 findings; deployment unverified",Fixed in code; regression verified; production deployment pending
GF-026,P1,Release integrity,CI used npm graph while deploy used pnpm; CLI floated latest,ci.yml; two root lockfiles,Green verify did not validate exact production dependencies,Two package managers and mutable deployment CLI,Single root pnpm 10.34.6 frozen graph; Vercel 62.1.0 locked; remove root npm lock,Frozen install and local checks pass; workflow YAML reviewed; GitHub CI run 36848553519 passed on the verified code commit,Fixed in code; regression verified; production deployment pending
GF-027,P1,Exports,Wallet/member CSV silently incomplete at default API row cap,admin members/export and wallet/export routes,Accounting/member exports can omit rows while claiming completeness,Single .limit(5000) request against default 1000-row response cap,Stable paged reads plus sentinel; chunk joins; fail on query errors; explicit 5000 truncation,4 pagination cases including 5001 rows/page cap and mid-page failure,Fixed in code; regression verified; production deployment pending
GF-028,P1,Reports,Admin analytics/revenue and all-tenant counts still sum capped raw pages,admin dashboard/analytics; superadmin revenue/home,Money totals/headcounts/churn can be wrong as volume grows,Client/server JS aggregation on unpaginated raw results,Proof-gated SQL revenue/KPI summaries and exact paginated tenant roster; net revenue subtracts recorded refunds; commission is explicitly an estimate,"Scale tests with 1105 members/payments/check-ins and 1025 gyms, scoped denials, refund-adjusted reporting and wallet tests",Fixed in code; regression verified; production deployment pending
GF-029,P1,Backup lifecycle,Partial backups advanced cadence; retention discarded index after failed storage delete,lib/backup-run.ts; backup cron/plan,Missing tables delayed retry; orphan PII persisted; some tenants starved,Success timestamp/pruning did not track actual complete storage lifecycle,Stamp only complete success; separate bounded partial retention; confirm deletes; page and rotate due gyms,Backup-run/rotation DB and behavioral suites pass,Fixed in code; regression verified; production deployment pending
GF-030,P1,Privacy/backups,PII/health/signature ZIP attached to notification email,lib/backup.ts PEOPLE_COLUMNS; old backup-run attachments,Sensitive copies spread to mail providers/mailboxes and cannot be recalled,Backup notification treated as archive delivery channel,Remove archive attachment; retain authenticated console with short-lived private download,Behavioral assertion notification has no attachments; old sent copies require retention review,Fixed in code; regression verified; production deployment pending
GF-031,P1,Disaster recovery,No completed restore rehearsal; plan/PITR/object backups unverified,DR_RUNBOOK rehearsal ledger; Supabase access scope,Loss/corruption can remove paid access/legal history with no proven recovery,Unproven RTO/RPO; runbook formerly claimed Free daily and storage-object backups,Encrypted operator DB/Auth/Storage artifact and isolated restore scripts plus guarded runbook; credentials and project Auth/provider configuration remain external,"Synthetic isolated database/object restore fixture passed; actual production restore, PITR/offsite coverage and measured RTO/RPO remain unverified",Recovery tooling fixed; synthetic rehearsal verified; production restore verification required
GF-032,P1,Backup capacity,20 gyms/day cannot satisfy declared daily backups beyond 20 due gyms,MAX_PER_RUN in backup cron; vercel.json schedule,Effective backup lag becomes ceil(due/20) days; memory-heavy archives may timeout,Synchronous bounded daily batch; no durable queue or oldest-due SLO,"Durable oldest-due backup queue, hourly bounded worker, retry leases and overdue-age incidents; 480/day nominal capacity",Queue claiming/retry/partial completion tests pass; production throughput and backup SLO require live measurement,Fixed in code; regression verified; production deployment pending
GF-033,P1,Reconciliation,Sweep caps provider/local records and has only 48-hour lookback,listTransactions maxPages=5 x 200; reconcilePayments limit1000,Missing paid charge can be omitted or age out permanently,Bounded pages without incompleteness flag/cursor; human repair only,Persistent provider window/page and local UUID checkpoints; no 48-hour bootstrap loss or silent page cap; discrepancies enter verified durable recovery,Provider paging and checkpoint/recovery tests pass; full provider-outage journey remains to be rehearsed,Fixed in code; regression verified; production deployment pending
GF-034,P1,Webhook recovery,Permanent money failures acknowledged without durable actionable queue,paystack/webhook dispatch/logFailure; webhook_events,Provider stops retrying even when member paid but no access was applied,Replay ledger marks acknowledged body; handled error relies on async logging/Sentry,HMAC-verified webhook persisted encrypted before acknowledgment; leased retry/dead-letter queue and proof-gated operator repair; charge replay re-verifies Paystack,"Durable ingestion, retry, lease, permanent incident, duplicate settlement and authorized requeue tests pass",Fixed in code; regression verified; production deployment pending
GF-035,P1,Scheduled jobs,Combined cron can time out before reconciliation and still reports success,app/api/cron/route.ts; backups cron,Correctness work omitted silently; successful scheduler HTTP response is misleading,Notifications/housekeeping share 60-second budget; swallowed errors and fixed caps,"Separate notification, reconciliation, webhook recovery and backup jobs; durable heartbeats/cursors; required failures return non-success HTTP",Worker/cron behavior tests; production recovery HTTP probes and aggregate heartbeats required in release audit,Fixed in code; regression verified; production deployment pending
GF-036,P1,Observability,Handled failures are not durable when Sentry absent/failing,lib/server-error.ts; lib/sentry.ts; void capture/log calls,Paid-member incidents can disappear with no operator trace,Best-effort external forwarding; no durable fallback for handled events,Awaited restricted durable operational incidents before optional external logging; deduplicated safe operator summaries,Incident persistence/redaction tests pass; live queue and heartbeat summaries required in release audit,Fixed in code; regression verified; production deployment pending
GF-037,P1,Audit trail,Manual grants lack reliable before/after/reason and receipt linkage,admin-member logAudit calls; renewal/override flows,Cannot fully explain who changed expiry or reconcile fraudulent/accidental grants,Separate best-effort event with selected inputs rather than transaction-linked change ledger,Immutable transaction-bound staff financial operation and membership before/after/reason/receipt audit; raw paid-term mutation denied; atomic freeze resume audited,Staff-payment rollback and actor/scope tests; concurrent freeze/settlement/refund and legacy freeze preservation tests,Fixed in code; regression verified; production deployment pending
GF-038,P1,Native/offline,Native refetch errors can silently retain stale access status,mobile use-resource/API screens; offline/PWA behavior,Staff/member may rely on old Active display during outage,Retained data lacks durable stale banner/error distinction; no authenticated offline access policy,"Native resource screens show stale/error state, last refresh and retry; old data cannot silently claim refreshed access","Mobile TypeScript, lint, Router compatibility and Android Hermes export/bundle audit pass; physical intermittent-network journey not observed",Fixed in code; regression verified; production deployment pending
GF-039,P1,Native dependencies,Mobile lock retains 4 high and 14 moderate production advisories,mobile npm audit --omit=dev,Unresolved ecosystem/transitive risk in shipped native app,Expo-managed matrix not upgraded in this audit,Upgrade supported Expo/RN matrix; patch runtime query parsing using verified upstream compatibility vendor; guard the reviewed build-only residual and audit exported bundle,"Mobile audit: 4 high, 0 moderate, 0 critical from one unpatched node-forge advisory and ancestor chain; Node-only signing packages excluded from Android bundle",Partially fixed; runtime patched; unpatched Node-only build advisory remains
GF-040,P1,Meta connector,Connector retains 1 high/5 moderate advisories and bypasses root verification,gymflow-meta-connector lock/audit; CI comments,Separate MCP connector can ship unverified vulnerable graph,Independent root/Git deploy with no connector CI gate,"Patch connector MCP/Express graph; independent locked install, production audit, types, authentication tests and build CI",Connector production audit zero findings; 3 positive/negative API-key and OAuth audience authentication tests pass,Fixed in code; regression verified; production deployment pending
GF-041,P2,Accessibility,Closed mobile drawers can retain focusable links,console shell/sidebar CSS and toggles,Keyboard/screen-reader navigation reaches hidden destinations,Offscreen visual hiding without inert/focus management,"Closed drawers are hidden/inert; keyboard focus is trapped while open, Escape closes, trigger focus restores",Web TypeScript/lint/build pass and implementation inspected; physical screen-reader journey remains unobserved,Fixed in code; regression verified; production deployment pending
GF-042,P2,PWA permission,Camera priming occurs outside scanner journey,PWA onboarding/install hooks,Unexpected permission prompt reduces trust and can deny later scanning,Install flow triggers device permission without immediate task context,Remove camera priming from install/onboarding; permission is requested by the explicit scanner action,Removed CameraPrime and call sites; web/native builds pass; real-device permission journey remains unobserved,Fixed in code; regression verified; production deployment pending
GF-043,P1,Native signup,Successful email-confirmation signup displayed as error,mobile auth context/sign-up screen,User believes account creation failed and repeats signup,Expected confirmation state thrown into generic danger catch,Return successful pending-confirmation state and show confirmation guidance,Native TypeScript and changed-file lint pass; live email delivery pending,Fixed in code; regression verified; production deployment pending
GF-044,P2,UX/accessibility,Unlabelled native button/icon semantics and misleading/inert controls,mobile ui; web join labels; login remember checkbox; coach settings icon,Assistive-tech ambiguity and controls that do not perform advertised action,Missing accessible roles/names and copied placeholder controls,Add roles/labels/loading names; proper form associations; remove no-op Remember me; label actual Settings destination,Root/native TypeScript and lint; Android accessibility smoke test pending,Fixed in code; regression verified; production deployment pending
GF-045,P1,Live validation,Current GymFlow Supabase/provider authenticated journeys not inspectable,Connected Supabase lists other projects only; no test role accounts/provider sandbox access,"Actual data drift, policies, backups and paid entry cannot be certified",Available connection is not the GymFlow project; no observed end-to-end production test,"Production release uses protected CI credentials for read-only catalog, Auth prerequisite/config and aggregate operational checks, plus live HTTP/recovery probes","Current project is not exposed by the connected Supabase account; signed-in role, real provider, device and full production restore journeys remain unobserved",Production authenticated/provider/device verification required
GF-046,P2,Privacy permissions,Health notes share a row-wide profile read boundary,profiles.health_notes; profiles_select_scoped/can_see_profile; backup PEOPLE_COLUMNS,Operational/accounting staff may receive sensitive medical notes beyond task need,Tenant row scoping does not minimize sensitive columns by role/purpose,"Move health notes to a separate protected RLS table with purpose-limited member, verified manager/owner and assigned-instructor reads; reasoned mutation audit; omit from standard exports/backups",11 privacy authorization tests include accountants/front desk/unassigned coaches and cross-gym denial; legacy profile values are cleared,Fixed in code; regression verified; production deployment pending
GF-047,P2,Search scale,Roster search caps matching IDs at 500 without explicit completeness,admin/members/page.tsx profiles search limit500,Broad search can hide valid matches in large gyms,Bounded match stage before 50-row pagination,"Direct tenant-scoped paginated SQL roster search with exact total, no preliminary 500-ID cap","Beyond-1000 roster/search, stable pages, role and tenant scope tests pass",Fixed in code; regression verified; production deployment pending
GF-048,P1,Staff membership state,Staff KPIs/badges still use inconsistent active definitions and unordered historical maps,admin/members/page.tsx active counts; admin/dashboard/page.tsx recentSubs Map,Paid past_due member can be shown lapsed; future or merely linked unpaid member counted Active,Some staff surfaces count links/status alone and ignore start/status/paid-window rules,"Shared paid-window/status rule and deterministic current-row selection in staff summaries and badges; future, frozen, unpaid and past_due states explicit","SQL counts and displays tested for paid past_due, scheduled/frozen, historical rows and large rosters",Fixed in code; regression verified; production deployment pending
GF-049,P2,Supply chain,GitHub Actions references remain mutable major tags,"actions/checkout@v4, setup-node@v4, pnpm/action-setup@v4",Workflow dependency code can change outside reviewed application commit,Action version tags not immutable SHAs,"Pin reviewed checkout, setup-node and pnpm setup Actions to immutable commit SHAs in both workflows",12 root and 4 secondary immutable action references verified; frozen package graphs used throughout CI,Fixed in code; regression verified; production deployment pending
